{"cameraMode":{"drawMode":0,"name":"Shaded","section":"Shading Mode"},"sceneLighting":false,"audioPlay":false,"sceneViewState":{"showFog":true,"showMaterialUpdate":false,"showSkybox":false,"showFlares":true,"showImageEffects":true,"showParticleSystems":true,"showVisualEffectGraphs":true,"m_FxEnabled":true},"in2DMode":false,"pivot":{"x":0.026313453912734987,"y":0.053493887186050418,"z":-0.1374787837266922},"rotation":{"x":-0.11228757351636887,"y":-0.4693264365196228,"z":0.06031537801027298,"w":-0.8737788200378418},"size":0.2263736128807068,"orthographic":false}