{"cameraMode":{"drawMode":0,"name":"Shaded","section":"Shading Mode"},"sceneLighting":true,"audioPlay":false,"sceneViewState":{"showFog":true,"showMaterialUpdate":false,"showSkybox":true,"showFlares":true,"showImageEffects":true,"showParticleSystems":true,"showVisualEffectGraphs":true,"m_FxEnabled":true},"in2DMode":false,"pivot":{"x":0.37304019927978518,"y":-1.9414258003234864,"z":17.568809509277345},"rotation":{"x":-0.17967331409454347,"y":-0.23904633522033692,"z":0.04505187273025513,"w":-0.9531816244125366},"size":4.206911087036133,"orthographic":false}