{"cameraMode":{"drawMode":0,"name":"Shaded","section":"Shading Mode"},"sceneLighting":false,"audioPlay":false,"sceneViewState":{"showFog":true,"showMaterialUpdate":false,"showSkybox":false,"showFlares":true,"showImageEffects":true,"showParticleSystems":true,"showVisualEffectGraphs":true,"m_FxEnabled":true},"in2DMode":false,"pivot":{"x":-0.20727670192718507,"y":-0.09333360195159912,"z":0.05017668753862381},"rotation":{"x":-0.16867080330848695,"y":0.7072817087173462,"z":-0.1800786405801773,"w":-0.6624762415885925},"size":0.7473730444908142,"orthographic":false}